source,imageURLs,productURL,reviewURL,sku,brand,model,modelNumber,title,price,ratingAvgDisplay,ratingNum,ratingAvg,questionNum,batteryLife,totalStorageCapacity,storageType,operatingSystem,processorCores,processorBrand,processorSpeedBase,processorModel,systemMemoryRam,systemMemoryRamType,graphics,screenSize,screenResolution,screenResolutionName,productWeight,color,numberOfUsbPortsTotal,numberOfUsb2Ports,numberOfUsb3Ports,backlitKeyboard,internetConnectivity,bluetoothEnabled,touchScreen,titleStandard,reviews,reviewSnippets,Bad Reviews,StudentReviews,CreativeReviews,ProfessionalReviews,GamingReviews.1,PersonalReviews,TravellingReviews
Amazon,"['https://i.dell.com/is/image/DellContent/content/dam/ss2/product-images/dell-client-products/notebooks/inspiron-notebooks/15-3530-intel/media-gallery/black/notebook-inspiron-15-3530-nt-plastic-black-gallery-2.psd?fmt=png-alpha&pscan=auto&scl=1&hei=402&wid=606&qlt=100,1&resMode=sharp2&size=606,402&chrss=full','https://i.dell.com/is/image/DellContent/content/dam/ss2/product-images/dell-client-products/notebooks/inspiron-notebooks/15-3530-intel/media-gallery/black/notebook-inspiron-15-3530-nt-plastic-black-gallery-3.psd?fmt=png-alpha&pscan=auto&scl=1&hei=402&wid=402&qlt=100,1&resMode=sharp2&size=402,402&chrss=full','https://i.dell.com/is/image/DellContent/content/dam/images/products/laptops-and-2-in-1s/inspiron/15-3530-non-touch/in3530nt-cnb-00090rp090-bk-plastic-usbc-full-function.psd?fmt=png-alpha&pscan=auto&scl=1&hei=402&wid=402&qlt=100,1&resMode=sharp2&size=402,402&chrss=full']",https://www.amazon.de/Lenovo-LenovoBook 408,https://www.amazon.de/Lenovo-LenovoBook 408#reviews,LEN6680,Lenovo,LenovoBook 408,LEN-2916,Lenovo LenovoBook 408 Laptop,1174.44,4.5,373,3.8,27,6 hours,512GB Hybrid,SSD,Linux,4,AMD,2.9 GHz,i7-1255U,8 GB,DDR4,Apple GPU,15.6 inch,1366 x 768,HD,1.8 kg,Black,4,0,2,No,Wi-Fi 6,Yes,No,"Lenovo LenovoBook 408, 15.6 inch, 1366 x 768, i7-1255U",Lightweight and travel friendly || No backlit keyboard,Fast boot and app load || Lightweight and travel friendly || Display is crisp and clear || Battery lasts all day || Great for daily tasks,Touchpad not responsive || Battery drains too quickly || Gets hot during use || Screen glare is annoying || Build feels cheap,,,,,,
Amazon,['https://images.unsplash.com/photo-1517336714731-489689fd1ca8'],https://www.amazon.de/Dell-DellBook 919,https://www.amazon.de/Dell-DellBook 919#reviews,DEL4308,Dell,DellBook 919,DEL-2769,Dell DellBook 919 Laptop,740.56,4.4,325,4,19,12 hours,1024GB SSD,SSD,Windows 11,6,AMD,3.0 GHz,Ryzen 5 5600U,8 GB,DDR4,Intel Iris Xe,17 inch,1366 x 768,HD,2.5 kg,Grey,2,1,3,Yes,Wi-Fi 6,Yes,Yes,"Dell DellBook 919, 17 inch, 1366 x 768, Ryzen 5 5600U",Great for daily tasks || Battery drains fast,Perfect for online classes || Lightweight to carry daily || Boots quickly for notes || Great value for budget || Handles docs and browsing well,Battery drains during lectures || Trackpad glitchy sometimes || Too heavy for backpack,Perfect for online classes || Lightweight to carry daily  ,,,,,
Amazon,['https://images.unsplash.com/photo-1517336714731-489689fd1ca8'],https://www.amazon.de/Asus-AsusBook 738,https://www.amazon.de/Asus-AsusBook 738#reviews,ASU2371,Asus,AsusBook 738,ASU-8288,Asus AsusBook 738 Laptop,1251.01,3.8,436,4.3,15,9 hours,1024GB SSD,HDD,Linux,8,AMD,3.0 GHz,i5-1135G7,8 GB,DDR4,Apple GPU,13.3 inch,1920 x 1080,Full HD,1.9 kg,Blue,3,0,1,No,Wi-Fi 5,No,Yes,"Asus AsusBook 738, 13.3 inch, 1920 x 1080, i7-1255U",Lightweight and travel friendly || No backlit keyboard,Fast multitasking performance || Crisp display for reports || Great typing experience || Long battery for meetings || Sleek and modern look,Fan noise in meetings || Lags on large spreadsheets || Docking support limited || Lacks biometric login || Low webcam resolution,,,Great typing experience || Long battery for meetings || Sleek and modern look,,,
Amazon,['https://images.unsplash.com/photo-1517336714731-489689fd1ca8'],https://www.amazon.de/Apple-AppleBook 595,https://www.amazon.de/Apple-AppleBook 595#reviews,APP3592,Apple,AppleBook 595,APP-6942,Apple AppleBook 595 Laptop,1113.87,4.1,86,4.9,45,7 hours,512GB SSD,Hybrid,macOS,8,Intel,3.4 GHz,Ryzen 5 5600U,8 GB,DDR4,Intel Iris Xe,14 inch,2560 x 1600,Retina,1.7 kg,Black,4,0,3,Yes,Wi-Fi 5,No,No,"Apple AppleBook 595, 14 inch, 2560 x 1600, M2, ",Perfect for students || Touchpad not responsive,Excellent color accuracy || Handles design tools well || Smooth video editing experience || Great screen resolution || Responsive stylus support,Overheats with rendering || Limited GPU capability || Low storage for files || Not calibrated out of box || Adobe apps crash sometimes,,Smooth video editing experience || Great screen resolution,,,,
Amazon,['https://images.unsplash.com/photo-1517336714731-489689fd1ca8'],https://www.amazon.de/Asus-AsusBook 721,https://www.amazon.de/Asus-AsusBook 721#reviews,ASU9910,Asus,AsusBook 721,ASU-4230,Asus AsusBook 721 Laptop,355.31,4.3,397,4.2,47,11 hours,1024GB SSD,SSD,macOS,2,AMD,2.4 GHz,i7-1255U,8 GB,DDR4,NVIDIA MX450,17 inch,2560 x 1600,Retina,1.9 kg,Blue,4,2,1,Yes,Wi-Fi 5,Yes,No,"Asus AsusBook 721, 17 inch, 2560 x 1600, i3-1115G4",Smooth for gaming || Low frame rate occasionally,Fits in carry-on easily || Lightweight and portable || Great battery for flights || Durable build quality || Charges quickly on go,Weak Wi-Fi in airports || Screen glare in sunlight || Charger bulky for travel || Scratches easily || Gets hot on lap,,,,,,Screen glare in sunlight || Charger bulky for travel
Amazon,['https://images.unsplash.com/photo-1517336714731-489689fd1ca8'],https://www.amazon.de/Apple-AppleBook 469,https://www.amazon.de/Apple-AppleBook 469#reviews,APP7783,Apple,AppleBook 469,APP-9854,Apple AppleBook 469 Laptop,334.36,3.9,91,4.3,7,10 hours,512GB HDD,HDD,Windows 11,6,AMD,2.2 GHz,M2,32 GB,DDR4,AMD Radeon Vega 8,13.3 inch,1920 x 1080,Full HD,1.2 kg,Blue,3,2,3,Yes,Wi-Fi 5,No,No,"Apple AppleBook 469, 13.3 inch, 1920 x 1080, i5-1135G7",Smooth for gaming || Low frame rate occasionally,Handles AAA titles smoothly || Great refresh rate display || Low input lag || Good thermal control || Loud and clear audio,Weak Wi-Fi in airports || Screen glare in sunlight || Charger bulky for travel || Scratches easily || Gets hot on lap,,,,Great refresh rate display || Low input lag || Good thermal control,,
Amazon,['https://images.unsplash.com/photo-1517336714731-489689fd1ca8'],https://www.amazon.de/HP-HPBook 154,https://www.amazon.de/HP-HPBook 154#reviews,HP7883,HP,HPBook 154,HP-5708,HP HPBook 154 Laptop,1466.7,4,488,4.4,29,11 hours,512GB HDD,Hybrid,Windows 11,8,AMD,3.3 GHz,i5-1135G7,16 GB,DDR4,AMD Radeon Vega 8,13.3 inch,1920 x 1080,Full HD,1.7 kg,Blue,4,0,2,Yes,Wi-Fi 6,Yes,No,"HP HPBook 154, 13.3 inch, 1920 x 1080, i7-1255U",Fast boot and app load || No USB-C port,Handles AAA titles smoothly || Great refresh rate display || Low input lag || Good thermal control || Loud and clear audio,Weak Wi-Fi in airports || Screen glare in sunlight || Charger bulky for travel || Scratches easily || Gets hot on lap,,,,,Easy to use setup || Good build quality,
Amazon,['https://images.unsplash.com/photo-1517336714731-489689fd1ca8'],https://www.amazon.de/HP-HPBook 853,https://www.amazon.de/HP-HPBook 853#reviews,HP8257,HP,HPBook 853,HP-3305,HP HPBook 853 Laptop,451.65,4.3,38,3.6,35,12 hours,1024GB HDD,Hybrid,Windows 11,2,AMD,3.0 GHz,i5-1135G7,32 GB,DDR4,NVIDIA MX450,13.3 inch,2560 x 1600,Retina,1.6 kg,Grey,2,1,2,Yes,Wi-Fi 5,No,No,"HP HPBook 853, 13.3 inch, 2560 x 1600, M2",Great for daily tasks || Battery drains fast,Handles AAA titles smoothly || Great refresh rate display || Low input lag || Good thermal control || Loud and clear audio,Weak Wi-Fi in airports || Screen glare in sunlight || Charger bulky for travel || Scratches easily || Gets hot on lap,Handles lectures smoothly ,,,,,
Amazon,['https://images.unsplash.com/photo-1517336714731-489689fd1ca8'],https://www.amazon.de/Acer-AcerBook 180,https://www.amazon.de/Acer-AcerBook 180#reviews,ACE2266,Acer,AcerBook 180,ACE-2425,Acer AcerBook 180 Laptop,1383.2,3.6,18,4.7,30,10 hours,256GB SSD,Hybrid,Windows 11,4,Intel,2.0 GHz,i3-1115G4,8 GB,DDR4,Intel Iris Xe,15.6 inch,1366 x 768,HD,2.4 kg,Silver,4,0,1,Yes,Wi-Fi 5,Yes,Yes,"Acer AcerBook 180, 15.6 inch, 1366 x 768, i3-1115G4",Fast boot and app load || No USB-C port,Handles AAA titles smoothly || Great refresh rate display || Low input lag || Good thermal control || Loud and clear audio,Weak Wi-Fi in airports || Screen glare in sunlight || Charger bulky for travel || Scratches easily || Gets hot on lap,Boots quickly for note-taking ,,,,,
Amazon,['https://images.unsplash.com/photo-1517336714731-489689fd1ca8'],https://www.amazon.de/Acer-AcerBook 443,https://www.amazon.de/Acer-AcerBook 443#reviews,ACE2389,Acer,AcerBook 443,ACE-5409,Acer AcerBook 443 Laptop,1084.65,4.9,136,3.7,35,10 hours,512GB SSD,Hybrid,macOS,6,Apple,3.4 GHz,Ryzen 5 5600U,32 GB,DDR4,Intel Iris Xe,13.3 inch,1920 x 1080,Full HD,2.2 kg,Grey,2,1,3,No,Wi-Fi 6,Yes,No,"Acer AcerBook 443, 13.3 inch, 1920 x 1080, i7-1255U",Great for daily tasks || Battery drains fast,Handles AAA titles smoothly || Great refresh rate display || Low input lag || Good thermal control || Loud and clear audio,Weak Wi-Fi in airports || Screen glare in sunlight || Charger bulky for travel || Scratches easily || Gets hot on lap,Great battery for lectures  ,,,,,
Amazon,['https://images.unsplash.com/photo-1517336714731-489689fd1ca8'],https://www.amazon.de/Dell-DellBook 900,https://www.amazon.de/Dell-DellBook 900#reviews,DEL1751,Dell,DellBook 900,DEL-9426,Dell DellBook 900 Laptop,826.16,3.8,69,4.9,5,9 hours,512GB Hybrid,Hybrid,macOS,6,Apple,3.5 GHz,i3-1115G4,8 GB,DDR4,NVIDIA MX450,17 inch,2560 x 1600,Retina,1.8 kg,Silver,4,1,3,No,Wi-Fi 5,Yes,Yes,"Dell DellBook 900, 17 inch, 2560 x 1600, i7-1255U",Excellent display clarity || Overheats on heavy use,Handles AAA titles smoothly || Great refresh rate display || Low input lag || Good thermal control || Loud and clear audio,Weak Wi-Fi in airports || Screen glare in sunlight || Charger bulky for travel || Scratches easily || Gets hot on lap,Affordable for students  ,,,,,
Amazon,['https://images.unsplash.com/photo-1517336714731-489689fd1ca8'],https://www.amazon.de/Apple-AppleBook 215,https://www.amazon.de/Apple-AppleBook 215#reviews,APP5431,Apple,AppleBook 215,APP-1224,Apple AppleBook 215 Laptop,535.22,3.8,493,4.3,10,11 hours,256GB HDD,HDD,macOS,8,Intel,3.5 GHz,Ryzen 5 5600U,8 GB,DDR4,NVIDIA MX450,15.6 inch,1366 x 768,HD,1.8 kg,Blue,3,2,1,No,Wi-Fi 6,No,Yes,"Apple AppleBook 215, 15.6 inch, 1366 x 768, Ryzen 5 5600U",Lightweight and travel friendly || No backlit keyboard,Handles AAA titles smoothly || Great refresh rate display || Low input lag || Good thermal control || Loud and clear audio,Weak Wi-Fi in airports || Screen glare in sunlight || Charger bulky for travel || Scratches easily || Gets hot on lap,Handles Zoom and Teams well  ,,,,,
Amazon,['https://images.unsplash.com/photo-1517336714731-489689fd1ca8'],https://www.amazon.de/Asus-AsusBook 506,https://www.amazon.de/Asus-AsusBook 506#reviews,ASU8337,Asus,AsusBook 506,ASU-1502,Asus AsusBook 506 Laptop,318.65,3.8,333,3.6,47,12 hours,1024GB Hybrid,SSD,Windows 10,6,AMD,3.2 GHz,i3-1115G4,16 GB,DDR4,Apple GPU,15.6 inch,2560 x 1600,Retina,2.1 kg,Black,2,1,1,Yes,Wi-Fi 6,No,No,"Asus AsusBook 506, 15.6 inch, 2560 x 1600, Ryzen 5 5600U",Lightweight and travel friendly || No backlit keyboard,Handles AAA titles smoothly || Great refresh rate display || Low input lag || Good thermal control || Loud and clear audio,Weak Wi-Fi in airports || Screen glare in sunlight || Charger bulky for travel || Scratches easily || Gets hot on lap,Smooth for multitasking school work  ,,,,,
Amazon,['https://images.unsplash.com/photo-1517336714731-489689fd1ca8'],https://www.amazon.de/HP-HPBook 936,https://www.amazon.de/HP-HPBook 936#reviews,HP9436,HP,HPBook 936,HP-6610,HP HPBook 936 Laptop,1143.79,3.8,325,3.6,43,6 hours,256GB HDD,SSD,Windows 10,8,AMD,2.3 GHz,Ryzen 5 5600U,32 GB,DDR4,Intel Iris Xe,17 inch,1366 x 768,HD,2.0 kg,Grey,4,2,2,Yes,Wi-Fi 5,Yes,Yes,"HP HPBook 936, 17 inch, 1366 x 768, i5-1135G7",Perfect for students || Touchpad not responsive,Handles AAA titles smoothly || Great refresh rate display || Low input lag || Good thermal control || Loud and clear audio,Weak Wi-Fi in airports || Screen glare in sunlight || Charger bulky for travel || Scratches easily || Gets hot on lap,Compact and easy to travel with  ,,,,,
Amazon,['https://images.unsplash.com/photo-1517336714731-489689fd1ca8'],https://www.amazon.de/Dell-DellBook 776,https://www.amazon.de/Dell-DellBook 776#reviews,DEL6182,Dell,DellBook 776,DEL-4406,Dell DellBook 776 Laptop,723.52,3.5,326,4,4,7 hours,1024GB SSD,Hybrid,Windows 11,2,AMD,3.2 GHz,M2,8 GB,DDR4,Apple GPU,14 inch,2560 x 1600,Retina,1.6 kg,Silver,3,0,2,Yes,Wi-Fi 5,Yes,Yes,"Dell DellBook 776, 14 inch, 2560 x 1600, i3-1115G4",Lightweight and travel friendly || No backlit keyboard,Handles AAA titles smoothly || Great refresh rate display || Low input lag || Good thermal control || Loud and clear audio,Weak Wi-Fi in airports || Screen glare in sunlight || Charger bulky for travel || Scratches easily || Gets hot on lap,Works well for documents and email  ,,,,,
Amazon,['https://images.unsplash.com/photo-1517336714731-489689fd1ca8'],https://www.amazon.de/HP-HPBook 408,https://www.amazon.de/HP-HPBook 408#reviews,HP1027,HP,HPBook 408,HP-7135,HP HPBook 408 Laptop,685.46,4.7,82,3.8,33,12 hours,256GB HDD,HDD,macOS,6,Apple,3.3 GHz,i5-1135G7,8 GB,DDR4,Apple GPU,15.6 inch,1920 x 1080,Full HD,2.1 kg,Grey,2,2,3,Yes,Wi-Fi 5,Yes,Yes,"HP HPBook 408, 15.6 inch, 1920 x 1080, i7-1255U",Excellent display clarity || Overheats on heavy use,Handles AAA titles smoothly || Great refresh rate display || Low input lag || Good thermal control || Loud and clear audio,Weak Wi-Fi in airports || Screen glare in sunlight || Charger bulky for travel || Scratches easily || Gets hot on lap,Keyboard comfortable for long typing,,,,,
Amazon,['https://images.unsplash.com/photo-1517336714731-489689fd1ca8'],https://www.amazon.de/Lenovo-LenovoBook 739,https://www.amazon.de/Lenovo-LenovoBook 739#reviews,LEN8200,Lenovo,LenovoBook 739,LEN-5864,Lenovo LenovoBook 739 Laptop,658.08,4.9,229,3.9,49,8 hours,1024GB HDD,HDD,Windows 10,2,Intel,2.4 GHz,Ryzen 5 5600U,32 GB,DDR4,Apple GPU,13.3 inch,1366 x 768,HD,1.8 kg,Blue,2,0,2,No,Wi-Fi 5,Yes,Yes,"Lenovo LenovoBook 739, 13.3 inch, 1366 x 768, Ryzen 5 5600U",Perfect for students || Touchpad not responsive,Handles AAA titles smoothly || Great refresh rate display || Low input lag || Good thermal control || Loud and clear audio,Weak Wi-Fi in airports || Screen glare in sunlight || Charger bulky for travel || Scratches easily || Gets hot on lap,,Excellent color accuracy for design work  ,,,,
Amazon,['https://images.unsplash.com/photo-1517336714731-489689fd1ca8'],https://www.amazon.de/Dell-DellBook 524,https://www.amazon.de/Dell-DellBook 524#reviews,DEL2608,Dell,DellBook 524,DEL-3519,Dell DellBook 524 Laptop,1128.99,4.7,150,4.3,19,7 hours,1024GB Hybrid,HDD,macOS,4,Apple,1.8 GHz,M2,32 GB,DDR4,Apple GPU,14 inch,1920 x 1080,Full HD,1.8 kg,Silver,3,0,1,No,Wi-Fi 6,Yes,Yes,"Dell DellBook 524, 14 inch, 1920 x 1080, i3-1115G4,",Sleek design || Gets fingerprint smudges,Handles AAA titles smoothly || Great refresh rate display || Low input lag || Good thermal control || Loud and clear audio,Weak Wi-Fi in airports || Screen glare in sunlight || Charger bulky for travel || Scratches easily || Gets hot on lap,,Ideal for Adobe Creative Suite  ,,,,
Amazon,['https://images.unsplash.com/photo-1517336714731-489689fd1ca8'],https://www.amazon.de/Lenovo-LenovoBook 487,https://www.amazon.de/Lenovo-LenovoBook 487#reviews,LEN9960,Lenovo,LenovoBook 487,LEN-7866,Lenovo LenovoBook 487 Laptop,527.36,4.5,68,4.9,4,7 hours,512GB HDD,HDD,Windows 10,2,Intel,3.2 GHz,M2,16 GB,DDR4,Intel Iris Xe,17 inch,1366 x 768,HD,1.9 kg,Grey,3,2,2,No,Wi-Fi 6,No,Yes,"Lenovo LenovoBook 487, 17 inch, 1366 x 768, Ryzen 5 5600U",Perfect for students || Touchpad not responsive,Handles AAA titles smoothly || Great refresh rate display || Low input lag || Good thermal control || Loud and clear audio,Weak Wi-Fi in airports || Screen glare in sunlight || Charger bulky for travel || Scratches easily || Gets hot on lap,,Handles 4K video editing well  ,,,,
Amazon,['https://images.unsplash.com/photo-1517336714731-489689fd1ca8'],https://www.amazon.de/HP-HPBook 411,https://www.amazon.de/HP-HPBook 411#reviews,HP4405,HP,HPBook 411,HP-9951,HP HPBook 411 Laptop,854.38,4.3,19,4.1,41,12 hours,256GB HDD,SSD,Windows 10,8,Intel,2.8 GHz,i5-1135G7,8 GB,DDR4,Intel Iris Xe,14 inch,2560 x 1600,Retina,1.3 kg,Black,3,1,1,Yes,Wi-Fi 5,No,No,"HP HPBook 411, 14 inch, 2560 x 1600, i5-1135G7",Smooth for gaming || Low frame rate occasionally,Handles AAA titles smoothly || Great refresh rate display || Low input lag || Good thermal control || Loud and clear audio,Weak Wi-Fi in airports || Screen glare in sunlight || Charger bulky for travel || Scratches easily || Gets hot on lap,,Responsive stylus for digital artists  ,,,,
Amazon,['https://images.unsplash.com/photo-1517336714731-489689fd1ca8'],https://www.amazon.de/Dell-DellBook 625,https://www.amazon.de/Dell-DellBook 625#reviews,DEL3121,Dell,DellBook 625,DEL-6071,Dell DellBook 625 Laptop,835.41,4.2,175,4,39,12 hours,256GB Hybrid,Hybrid,Linux,2,Intel,2.0 GHz,i5-1135G7,8 GB,DDR4,Intel Iris Xe,17 inch,1920 x 1080,Full HD,1.6 kg,Silver,3,1,3,No,Wi-Fi 5,Yes,Yes,"Dell DellBook 625, 17 inch, 1920 x 1080, i3-1115G4",Sleek design || Gets fingerprint smudges,Handles AAA titles smoothly || Great refresh rate display || Low input lag || Good thermal control || Loud and clear audio,Weak Wi-Fi in airports || Screen glare in sunlight || Charger bulky for travel || Scratches easily || Gets hot on lap,,High resolution display for photo editing  ,,,,
Amazon,['https://images.unsplash.com/photo-1517336714731-489689fd1ca8'],https://www.amazon.de/Acer-AcerBook 507,https://www.amazon.de/Acer-AcerBook 507#reviews,ACE9769,Acer,AcerBook 507,ACE-8256,Acer AcerBook 507 Laptop,452.32,4.1,150,3.8,24,10 hours,512GB SSD,HDD,Windows 11,2,Intel,3.3 GHz,Ryzen 5 5600U,32 GB,DDR4,AMD Radeon Vega 8,15.6 inch,1920 x 1080,Full HD,1.8 kg,Black,3,2,1,Yes,Wi-Fi 6,No,Yes,"Acer AcerBook 507, 15.6 inch, 1920 x 1080, M2",Excellent display clarity || Overheats on heavy use,Handles AAA titles smoothly || Great refresh rate display || Low input lag || Good thermal control || Loud and clear audio,Weak Wi-Fi in airports || Screen glare in sunlight || Charger bulky for travel || Scratches easily || Gets hot on lap,,Powerful GPU for rendering tasks  ,,,,
Amazon,['https://images.unsplash.com/photo-1517336714731-489689fd1ca8'],https://www.amazon.de/Acer-AcerBook 285,https://www.amazon.de/Acer-AcerBook 285#reviews,ACE3590,Acer,AcerBook 285,ACE-6695,Acer AcerBook 285 Laptop,332.67,4,147,3.8,29,7 hours,512GB HDD,Hybrid,macOS,4,Apple,2.4 GHz,i7-1255U,32 GB,DDR4,Intel Iris Xe,15.6 inch,1920 x 1080,Full HD,2.0 kg,Grey,4,0,2,No,Wi-Fi 5,Yes,No,"Acer AcerBook 285, 15.6 inch, 1920 x 1080, i5-1135G7",Fast boot and app load || No USB-C port,Handles AAA titles smoothly || Great refresh rate display || Low input lag || Good thermal control || Loud and clear audio,Weak Wi-Fi in airports || Screen glare in sunlight || Charger bulky for travel || Scratches easily || Gets hot on lap,,Great performance for animation workflows  ,,,,
Amazon,['https://images.unsplash.com/photo-1517336714731-489689fd1ca8'],https://www.amazon.de/Lenovo-LenovoBook 726,https://www.amazon.de/Lenovo-LenovoBook 726#reviews,LEN8634,Lenovo,LenovoBook 726,LEN-7927,Lenovo LenovoBook 726 Laptop,866.11,4.4,287,4.2,43,10 hours,256GB SSD,HDD,macOS,4,AMD,3.0 GHz,i5-1135G7,8 GB,DDR4,AMD Radeon Vega 8,14 inch,1920 x 1080,Full HD,1.7 kg,Silver,4,1,3,Yes,Wi-Fi 6,Yes,Yes,"Lenovo LenovoBook 726, 14 inch, 1920 x 1080, i3-1115G4, 8GB RAM",Smooth for gaming || Low frame rate occasionally,Handles AAA titles smoothly || Great refresh rate display || Low input lag || Good thermal control || Loud and clear audio,Weak Wi-Fi in airports || Screen glare in sunlight || Charger bulky for travel || Scratches easily || Gets hot on lap,,Reliable for creative professionals  ,,,,
Amazon,['https://images.unsplash.com/photo-1517336714731-489689fd1ca8'],https://www.amazon.de/Lenovo-LenovoBook 344,https://www.amazon.de/Lenovo-LenovoBook 344#reviews,LEN3989,Lenovo,LenovoBook 344,LEN-2872,Lenovo LenovoBook 344 Laptop,1369.41,3.5,467,4.8,5,6 hours,256GB Hybrid,SSD,Windows 10,4,Intel,2.5 GHz,i3-1115G4,16 GB,DDR4,AMD Radeon Vega 8,15.6 inch,2560 x 1600,Retina,1.9 kg,Grey,4,0,3,Yes,Wi-Fi 6,No,No,"Lenovo LenovoBook 344, 15.6 inch, 2560 x 1600, i5-1135G7, 16GB RAM",Smooth for gaming || Low frame rate occasionally,Handles AAA titles smoothly || Great refresh rate display || Low input lag || Good thermal control || Loud and clear audio,Weak Wi-Fi in airports || Screen glare in sunlight || Charger bulky for travel || Scratches easily || Gets hot on lap,,Accurate touch input for illustration  ,,,,
Amazon,['https://images.unsplash.com/photo-1517336714731-489689fd1ca8'],https://www.amazon.de/Lenovo-LenovoBook 969,https://www.amazon.de/Lenovo-LenovoBook 969#reviews,LEN7196,Lenovo,LenovoBook 969,LEN-1654,Lenovo LenovoBook 969 Laptop,954.01,3.6,126,4.9,15,11 hours,512GB Hybrid,Hybrid,Linux,6,AMD,2.3 GHz,Ryzen 5 5600U,16 GB,DDR4,Apple GPU,14 inch,1366 x 768,HD,2.1 kg,Silver,2,1,3,Yes,Wi-Fi 6,No,No,"Lenovo LenovoBook 969, 14 inch, 1366 x 768, M2, 32GB RAM",Great for daily tasks || Battery drains fast,Handles AAA titles smoothly || Great refresh rate display || Low input lag || Good thermal control || Loud and clear audio,Weak Wi-Fi in airports || Screen glare in sunlight || Charger bulky for travel || Scratches easily || Gets hot on lap,,Smooth multitasking in design tools,,,,
Amazon,['https://images.unsplash.com/photo-1517336714731-489689fd1ca8'],https://www.amazon.de/Asus-AsusBook 839,https://www.amazon.de/Asus-AsusBook 839#reviews,ASU8860,Asus,AsusBook 839,ASU-9558,Asus AsusBook 839 Laptop,1024.76,4.3,308,4.6,43,10 hours,1024GB Hybrid,Hybrid,Linux,2,AMD,3.0 GHz,i3-1115G4,8 GB,DDR4,Intel Iris Xe,14 inch,2560 x 1600,Retina,2.1 kg,Blue,3,1,3,No,Wi-Fi 6,Yes,Yes,"Asus AsusBook 839, 14 inch, 2560 x 1600, i7-1255U, 16GB RAM",Perfect for students || Touchpad not responsive,Handles AAA titles smoothly || Great refresh rate display || Low input lag || Good thermal control || Loud and clear audio,Weak Wi-Fi in airports || Screen glare in sunlight || Charger bulky for travel || Scratches easily || Gets hot on lap,,,Handles multitasking with ease  ,,,
Amazon,['https://images.unsplash.com/photo-1517336714731-489689fd1ca8'],https://www.amazon.de/HP-HPBook 108,https://www.amazon.de/HP-HPBook 108#reviews,HP6485,HP,HPBook 108,HP-1236,HP HPBook 108 Laptop,1448.38,3.8,305,4.8,35,12 hours,512GB Hybrid,SSD,Windows 10,2,Apple,3.3 GHz,Ryzen 5 5600U,32 GB,DDR4,Intel Iris Xe,13.3 inch,1366 x 768,HD,1.8 kg,Grey,2,1,1,Yes,Wi-Fi 6,No,No,"HP HPBook 108, 13.3 inch, 1366 x 768, i5-1135G7, 8GB RAM",Perfect for students || Touchpad not responsive,Handles AAA titles smoothly || Great refresh rate display || Low input lag || Good thermal control || Loud and clear audio,Weak Wi-Fi in airports || Screen glare in sunlight || Charger bulky for travel || Scratches easily || Gets hot on lap,,,Great battery for office use  ,,,
Amazon,['https://images.unsplash.com/photo-1517336714731-489689fd1ca8'],https://www.amazon.de/Asus-AsusBook 782,https://www.amazon.de/Asus-AsusBook 782#reviews,ASU9085,Asus,AsusBook 782,ASU-7687,Asus AsusBook 782 Laptop,1179.9,4.2,145,4.5,25,8 hours,512GB Hybrid,Hybrid,Linux,4,AMD,1.9 GHz,Ryzen 5 5600U,16 GB,DDR4,NVIDIA MX450,14 inch,1920 x 1080,Full HD,1.7 kg,Grey,2,1,1,Yes,Wi-Fi 6,No,No,"Asus AsusBook 782, 14 inch, 1920 x 1080, M2, 32GB RAM",Fast boot and app load || No USB-C port,Handles AAA titles smoothly || Great refresh rate display || Low input lag || Good thermal control || Loud and clear audio,Weak Wi-Fi in airports || Screen glare in sunlight || Charger bulky for travel || Scratches easily || Gets hot on lap,,,Fast boot and reliable performance  ,,,
Amazon,['https://images.unsplash.com/photo-1517336714731-489689fd1ca8'],https://www.amazon.de/Lenovo-LenovoBook 943,https://www.amazon.de/Lenovo-LenovoBook 943#reviews,LEN2084,Lenovo,LenovoBook 943,LEN-2157,Lenovo LenovoBook 943 Laptop,314.02,4.9,481,4.8,43,11 hours,256GB HDD,Hybrid,Windows 11,8,Apple,1.8 GHz,i7-1255U,16 GB,DDR4,AMD Radeon Vega 8,14 inch,2560 x 1600,Retina,1.8 kg,Grey,2,0,3,Yes,Wi-Fi 6,Yes,No,"Lenovo LenovoBook 943, 14 inch, 2560 x 1600, Ryzen 5 5600U, 32GB RAM",Fast boot and app load || No USB-C port,Handles AAA titles smoothly || Great refresh rate display || Low input lag || Good thermal control || Loud and clear audio,Weak Wi-Fi in airports || Screen glare in sunlight || Charger bulky for travel || Scratches easily || Gets hot on lap,,,Smooth experience with office apps  ,,,
Amazon,['https://images.unsplash.com/photo-1517336714731-489689fd1ca8'],https://www.amazon.de/Lenovo-LenovoBook 929,https://www.amazon.de/Lenovo-LenovoBook 929#reviews,LEN3946,Lenovo,LenovoBook 929,LEN-6178,Lenovo LenovoBook 929 Laptop,1297.89,4.9,221,4.4,23,12 hours,512GB SSD,Hybrid,Linux,8,Intel,3.2 GHz,i5-1135G7,16 GB,DDR4,AMD Radeon Vega 8,14 inch,1920 x 1080,Full HD,2.2 kg,Silver,3,1,2,Yes,Wi-Fi 5,Yes,No,"Lenovo LenovoBook 929, 14 inch, 1920 x 1080, i3-1115G4, 16GB RAM",Great for daily tasks || Battery drains fast,Handles AAA titles smoothly || Great refresh rate display || Low input lag || Good thermal control || Loud and clear audio,Weak Wi-Fi in airports || Screen glare in sunlight || Charger bulky for travel || Scratches easily || Gets hot on lap,,,Keyboard perfect for long typing  ,,,
Amazon,['https://images.unsplash.com/photo-1517336714731-489689fd1ca8'],https://www.amazon.de/Lenovo-LenovoBook 742,https://www.amazon.de/Lenovo-LenovoBook 742#reviews,LEN6124,Lenovo,LenovoBook 742,LEN-5453,Lenovo LenovoBook 742 Laptop,1236.07,4.9,179,3.8,16,9 hours,256GB SSD,SSD,Windows 10,2,Intel,2.9 GHz,i3-1115G4,8 GB,DDR4,NVIDIA MX450,15.6 inch,1366 x 768,HD,2.4 kg,Silver,3,0,3,Yes,Wi-Fi 6,No,No,"Lenovo LenovoBook 742, 15.6 inch, 1366 x 768, i3-1115G4, 32GB RAM",Sleek design || Gets fingerprint smudges,Handles AAA titles smoothly || Great refresh rate display || Low input lag || Good thermal control || Loud and clear audio,Weak Wi-Fi in airports || Screen glare in sunlight || Charger bulky for travel || Scratches easily || Gets hot on lap,,,Minimal fan noise during meetings  ,,,
Amazon,['https://images.unsplash.com/photo-1517336714731-489689fd1ca8'],https://www.amazon.de/Acer-AcerBook 915,https://www.amazon.de/Acer-AcerBook 915#reviews,ACE5328,Acer,AcerBook 915,ACE-6528,Acer AcerBook 915 Laptop,876.43,4.2,113,4.1,8,12 hours,256GB Hybrid,SSD,macOS,2,Intel,2.8 GHz,i7-1255U,16 GB,DDR4,NVIDIA MX450,15.6 inch,1366 x 768,HD,1.2 kg,Grey,2,0,1,Yes,Wi-Fi 6,Yes,Yes,"Acer AcerBook 915, 15.6 inch, 1366 x 768, i7-1255U, 16GB RAM",Fast boot and app load || No USB-C port,Handles AAA titles smoothly || Great refresh rate display || Low input lag || Good thermal control || Loud and clear audio,Weak Wi-Fi in airports || Screen glare in sunlight || Charger bulky for travel || Scratches easily || Gets hot on lap,,,Sharp display for reading reports  ,,,
Amazon,['https://images.unsplash.com/photo-1517336714731-489689fd1ca8'],https://www.amazon.de/Acer-AcerBook 627,https://www.amazon.de/Acer-AcerBook 627#reviews,ACE1285,Acer,AcerBook 627,ACE-1777,Acer AcerBook 627 Laptop,458.9,3.6,191,4.9,15,12 hours,1024GB Hybrid,HDD,Windows 11,2,Intel,2.7 GHz,Ryzen 5 5600U,8 GB,DDR4,NVIDIA MX450,14 inch,1920 x 1080,Full HD,2.0 kg,Grey,4,2,1,Yes,Wi-Fi 6,Yes,Yes,"Acer AcerBook 627, 14 inch, 1920 x 1080, M2, 32GB RAM",Fast boot and app load || No USB-C port,Handles AAA titles smoothly || Great refresh rate display || Low input lag || Good thermal control || Loud and clear audio,Weak Wi-Fi in airports || Screen glare in sunlight || Charger bulky for travel || Scratches easily || Gets hot on lap,,,Solid build for work environment  ,,,
Amazon,['https://images.unsplash.com/photo-1517336714731-489689fd1ca8'],https://www.amazon.de/Lenovo-LenovoBook 764,https://www.amazon.de/Lenovo-LenovoBook 764#reviews,LEN6549,Lenovo,LenovoBook 764,LEN-8268,Lenovo LenovoBook 764 Laptop,1074.6,4,53,4.7,45,6 hours,1024GB Hybrid,SSD,Linux,2,Apple,3.5 GHz,i5-1135G7,32 GB,DDR4,Apple GPU,13.3 inch,1366 x 768,HD,2.0 kg,Black,2,2,3,Yes,Wi-Fi 5,Yes,Yes,"Lenovo LenovoBook 764, 13.3 inch, 1366 x 768, i7-1255U, 32GB RAM",Smooth for gaming || Low frame rate occasionally,Handles AAA titles smoothly || Great refresh rate display || Low input lag || Good thermal control || Loud and clear audio,Weak Wi-Fi in airports || Screen glare in sunlight || Charger bulky for travel || Scratches easily || Gets hot on lap,,,Good connectivity for docking station  ,,,
Amazon,['https://images.unsplash.com/photo-1517336714731-489689fd1ca8'],https://www.amazon.de/Asus-AsusBook 503,https://www.amazon.de/Asus-AsusBook 503#reviews,ASU3183,Asus,AsusBook 503,ASU-6365,Asus AsusBook 503 Laptop,1327.37,4.6,335,3.6,37,11 hours,1024GB HDD,SSD,Windows 10,2,AMD,2.3 GHz,i7-1255U,32 GB,DDR4,NVIDIA MX450,17 inch,1920 x 1080,Full HD,2.2 kg,Black,3,2,2,No,Wi-Fi 6,Yes,Yes,"Asus AsusBook 503, 17 inch, 1920 x 1080, Ryzen 5 5600U, 8GB RAM",Great for daily tasks || Battery drains fast,Handles AAA titles smoothly || Great refresh rate display || Low input lag || Good thermal control || Loud and clear audio,Weak Wi-Fi in airports || Screen glare in sunlight || Charger bulky for travel || Scratches easily || Gets hot on lap,,,Runs video calls without lag,,,
Amazon,['https://images.unsplash.com/photo-1517336714731-489689fd1ca8'],https://www.amazon.de/HP-HPBook 891,https://www.amazon.de/HP-HPBook 891#reviews,HP9812,HP,HPBook 891,HP-6650,HP HPBook 891 Laptop,787.35,4.5,55,4.2,42,7 hours,256GB Hybrid,Hybrid,macOS,2,AMD,2.8 GHz,Ryzen 5 5600U,16 GB,DDR4,Apple GPU,13.3 inch,1366 x 768,HD,2.0 kg,Grey,3,0,2,No,Wi-Fi 6,No,No,"HP HPBook 891, 13.3 inch, 1366 x 768, M2, 32GB RAM",Fast boot and app load || No USB-C port,Handles AAA titles smoothly || Great refresh rate display || Low input lag || Good thermal control || Loud and clear audio,Weak Wi-Fi in airports || Screen glare in sunlight || Charger bulky for travel || Scratches easily || Gets hot on lap,,,,,Handles modern games smoothly  ,
Amazon,['https://images.unsplash.com/photo-1517336714731-489689fd1ca8'],https://www.amazon.de/Acer-AcerBook 179,https://www.amazon.de/Acer-AcerBook 179#reviews,ACE1751,Acer,AcerBook 179,ACE-5728,Acer AcerBook 179 Laptop,1028.79,4.9,202,4,3,9 hours,512GB Hybrid,Hybrid,Linux,2,AMD,2.6 GHz,i5-1135G7,16 GB,DDR4,NVIDIA MX450,13.3 inch,2560 x 1600,Retina,2.4 kg,Grey,4,1,3,Yes,Wi-Fi 6,No,No,"Acer AcerBook 179, 13.3 inch, 2560 x 1600, Ryzen 5 5600U, 16GB RAM",Sleek design || Gets fingerprint smudges,Handles AAA titles smoothly || Great refresh rate display || Low input lag || Good thermal control || Loud and clear audio,Weak Wi-Fi in airports || Screen glare in sunlight || Charger bulky for travel || Scratches easily || Gets hot on lap,,,,,High refresh rate screen  ,
Amazon,['https://images.unsplash.com/photo-1517336714731-489689fd1ca8'],https://www.amazon.de/Apple-AppleBook 359,https://www.amazon.de/Apple-AppleBook 359#reviews,APP9102,Apple,AppleBook 359,APP-8216,Apple AppleBook 359 Laptop,902.14,3.7,270,3.9,4,7 hours,256GB Hybrid,HDD,Linux,6,AMD,2.5 GHz,M2,16 GB,DDR4,Intel Iris Xe,17 inch,1920 x 1080,Full HD,1.9 kg,Grey,2,2,3,Yes,Wi-Fi 6,No,No,"Apple AppleBook 359, 17 inch, 1920 x 1080, i3-1115G4, 32GB RAM",Smooth for gaming || Low frame rate occasionally,Handles AAA titles smoothly || Great refresh rate display || Low input lag || Good thermal control || Loud and clear audio,Weak Wi-Fi in airports || Screen glare in sunlight || Charger bulky for travel || Scratches easily || Gets hot on lap,,,,,Excellent graphics performance  ,
Amazon,['https://images.unsplash.com/photo-1517336714731-489689fd1ca8'],https://www.amazon.de/Asus-AsusBook 889,https://www.amazon.de/Asus-AsusBook 889#reviews,ASU5272,Asus,AsusBook 889,ASU-4823,Asus AsusBook 889 Laptop,1102.75,4.3,173,4.1,8,8 hours,1024GB Hybrid,HDD,Windows 10,8,AMD,2.5 GHz,Ryzen 5 5600U,32 GB,DDR4,Intel Iris Xe,13.3 inch,1920 x 1080,Full HD,2.3 kg,Blue,3,0,1,Yes,Wi-Fi 5,No,Yes,"Asus AsusBook 889, 13.3 inch, 1920 x 1080, i5-1135G7, 8GB RAM",Perfect for students || Touchpad not responsive,Handles AAA titles smoothly || Great refresh rate display || Low input lag || Good thermal control || Loud and clear audio,Weak Wi-Fi in airports || Screen glare in sunlight || Charger bulky for travel || Scratches easily || Gets hot on lap,,,,,Low input lag during gameplay  ,
Amazon,['https://images.unsplash.com/photo-1517336714731-489689fd1ca8'],https://www.amazon.de/Asus-AsusBook 618,https://www.amazon.de/Asus-AsusBook 618#reviews,ASU3146,Asus,AsusBook 618,ASU-8612,Asus AsusBook 618 Laptop,1402.85,4.7,99,4.2,23,11 hours,256GB SSD,SSD,macOS,6,Intel,2.0 GHz,i7-1255U,8 GB,DDR4,Apple GPU,14 inch,2560 x 1600,Retina,1.8 kg,Grey,2,1,3,Yes,Wi-Fi 5,No,No,"Asus AsusBook 618, 14 inch, 2560 x 1600, i5-1135G7, 32GB RAM",Fast boot and app load || No USB-C port,Handles AAA titles smoothly || Great refresh rate display || Low input lag || Good thermal control || Loud and clear audio,Weak Wi-Fi in airports || Screen glare in sunlight || Charger bulky for travel || Scratches easily || Gets hot on lap,,,,,Runs AAA titles without stutter  ,
Amazon,['https://images.unsplash.com/photo-1517336714731-489689fd1ca8'],https://www.amazon.de/Dell-DellBook 557,https://www.amazon.de/Dell-DellBook 557#reviews,DEL7049,Dell,DellBook 557,DEL-2747,Dell DellBook 557 Laptop,1150.39,3.8,85,4.3,35,8 hours,512GB SSD,Hybrid,Windows 10,8,AMD,2.4 GHz,Ryzen 5 5600U,8 GB,DDR4,NVIDIA MX450,14 inch,1366 x 768,HD,2.1 kg,Black,3,1,3,Yes,Wi-Fi 6,Yes,No,"Dell DellBook 557, 14 inch, 1366 x 768, i5-1135G7, 16GB RAM",Fast boot and app load || No USB-C port,Handles AAA titles smoothly || Great refresh rate display || Low input lag || Good thermal control || Loud and clear audio,Weak Wi-Fi in airports || Screen glare in sunlight || Charger bulky for travel || Scratches easily || Gets hot on lap,,,,,RGB keyboard feels responsive  ,
Amazon,['https://images.unsplash.com/photo-1517336714731-489689fd1ca8'],https://www.amazon.de/Asus-AsusBook 892,https://www.amazon.de/Asus-AsusBook 892#reviews,ASU4216,Asus,AsusBook 892,ASU-2202,Asus AsusBook 892 Laptop,464.45,5,15,4.9,8,9 hours,1024GB HDD,SSD,macOS,2,Intel,2.0 GHz,M2,16 GB,DDR4,NVIDIA MX450,13.3 inch,2560 x 1600,Retina,1.2 kg,Silver,4,1,1,Yes,Wi-Fi 5,Yes,No,"Asus AsusBook 892, 13.3 inch, 2560 x 1600, i5-1135G7",Sleek design || Gets fingerprint smudges,Handles AAA titles smoothly || Great refresh rate display || Low input lag || Good thermal control || Loud and clear audio,Weak Wi-Fi in airports || Screen glare in sunlight || Charger bulky for travel || Scratches easily || Gets hot on lap,,,,,Great thermals under gaming load  ,
Amazon,['https://images.unsplash.com/photo-1517336714731-489689fd1ca8'],https://www.amazon.de/Lenovo-LenovoBook 712,https://www.amazon.de/Lenovo-LenovoBook 712#reviews,LEN2670,Lenovo,LenovoBook 712,LEN-2978,Lenovo LenovoBook 712 Laptop,579.36,4.8,179,4.4,44,7 hours,256GB HDD,Hybrid,macOS,6,Apple,1.9 GHz,i7-1255U,32 GB,DDR4,Apple GPU,13.3 inch,1366 x 768,HD,1.5 kg,Grey,3,0,3,Yes,Wi-Fi 5,No,Yes,"Lenovo LenovoBook 712, 13.3 inch, 1366 x 768, i5-1135G7",Great for daily tasks || Battery drains fast,Handles AAA titles smoothly || Great refresh rate display || Low input lag || Good thermal control || Loud and clear audio,Weak Wi-Fi in airports || Screen glare in sunlight || Charger bulky for travel || Scratches easily || Gets hot on lap,,,,,Fast SSD reduces loading times  ,
Amazon,['https://images.unsplash.com/photo-1517336714731-489689fd1ca8'],https://www.amazon.de/Acer-AcerBook 594,https://www.amazon.de/Acer-AcerBook 594#reviews,ACE4972,Acer,AcerBook 594,ACE-4484,Acer AcerBook 594 Laptop,1067.9,4.8,250,3.6,1,11 hours,1024GB Hybrid,HDD,Linux,8,AMD,3.2 GHz,Ryzen 5 5600U,32 GB,DDR4,Apple GPU,14 inch,1920 x 1080,Full HD,2.4 kg,Black,4,2,3,No,Wi-Fi 6,Yes,Yes,"Acer AcerBook 594, 14 inch, 1920 x 1080, i7-1255U",Fast boot and app load || No USB-C port,Handles AAA titles smoothly || Great refresh rate display || Low input lag || Good thermal control || Loud and clear audio,Weak Wi-Fi in airports || Screen glare in sunlight || Charger bulky for travel || Scratches easily || Gets hot on lap,,,,,Impressive GPU for high settings  ,
Amazon,['https://images.unsplash.com/photo-1517336714731-489689fd1ca8'],https://www.amazon.de/Lenovo-LenovoBook 698,https://www.amazon.de/Lenovo-LenovoBook 698#reviews,LEN1269,Lenovo,LenovoBook 698,LEN-4133,Lenovo LenovoBook 698 Laptop,1184.66,4.9,201,4.1,46,8 hours,512GB Hybrid,SSD,Linux,8,Apple,2.3 GHz,M2,32 GB,DDR4,Intel Iris Xe,15.6 inch,1366 x 768,HD,1.4 kg,Silver,4,0,2,Yes,Wi-Fi 5,No,Yes,"Lenovo LenovoBook 698, 15.6 inch, 1366 x 768, M2",Fast boot and app load || No USB-C port,Handles AAA titles smoothly || Great refresh rate display || Low input lag || Good thermal control || Loud and clear audio,Weak Wi-Fi in airports || Screen glare in sunlight || Charger bulky for travel || Scratches easily || Gets hot on lap,,,,,Loud and clear built-in speakers,
Amazon,['https://images.unsplash.com/photo-1517336714731-489689fd1ca8'],https://www.amazon.de/Dell-DellBook 985,https://www.amazon.de/Dell-DellBook 985#reviews,DEL5734,Dell,DellBook 985,DEL-9680,Dell DellBook 985 Laptop,302.04,4.8,137,5,10,9 hours,256GB SSD,HDD,Windows 10,2,Intel,1.8 GHz,i5-1135G7,8 GB,DDR4,Intel Iris Xe,13.3 inch,1920 x 1080,Full HD,1.2 kg,Blue,2,0,3,Yes,Wi-Fi 6,Yes,No,"Dell DellBook 985, 13.3 inch, 1920 x 1080, Ryzen 5 5600U",Lightweight and travel friendly || No backlit keyboard,Handles AAA titles smoothly || Great refresh rate display || Low input lag || Good thermal control || Loud and clear audio,Weak Wi-Fi in airports || Screen glare in sunlight || Charger bulky for travel || Scratches easily || Gets hot on lap,,,,,,Lightweight and easy to carry  
Amazon,['https://images.unsplash.com/photo-1517336714731-489689fd1ca8'],https://www.amazon.de/Asus-AsusBook 933,https://www.amazon.de/Asus-AsusBook 933#reviews,ASU4211,Asus,AsusBook 933,ASU-3101,Asus AsusBook 933 Laptop,1285.7,4.9,135,4.5,49,12 hours,256GB Hybrid,Hybrid,macOS,4,AMD,3.1 GHz,i5-1135G7,8 GB,DDR4,AMD Radeon Vega 8,14 inch,1366 x 768,HD,1.7 kg,Grey,3,2,3,Yes,Wi-Fi 5,No,No,"Asus AsusBook 933, 14 inch, 1366 x 768, i7-1255U",Sleek design || Gets fingerprint smudges,Handles AAA titles smoothly || Great refresh rate display || Low input lag || Good thermal control || Loud and clear audio,Weak Wi-Fi in airports || Screen glare in sunlight || Charger bulky for travel || Scratches easily || Gets hot on lap,,,,,,Fits well in a backpack  
Amazon,['https://images.unsplash.com/photo-1517336714731-489689fd1ca8'],https://www.amazon.de/Apple-AppleBook 595,https://www.amazon.de/Apple-AppleBook 595#reviews,APP4407,Apple,AppleBook 595,APP-8576,Apple AppleBook 595 Laptop,1447.28,5,360,4.4,24,8 hours,1024GB Hybrid,HDD,Windows 10,8,AMD,1.9 GHz,M2,32 GB,DDR4,Intel Iris Xe,13.3 inch,1366 x 768,HD,2.1 kg,Silver,3,2,1,No,Wi-Fi 5,Yes,No,"Apple AppleBook 595, 13.3 inch, 1366 x 768, i3-1115G4",Lightweight and travel friendly || No backlit keyboard,Handles AAA titles smoothly || Great refresh rate display || Low input lag || Good thermal control || Loud and clear audio,Weak Wi-Fi in airports || Screen glare in sunlight || Charger bulky for travel || Scratches easily || Gets hot on lap,,,,,,Battery lasts through long trips  
Amazon,['https://images.unsplash.com/photo-1517336714731-489689fd1ca8'],https://www.amazon.de/Dell-DellBook 432,https://www.amazon.de/Dell-DellBook 432#reviews,DEL7155,Dell,DellBook 432,DEL-1661,Dell DellBook 432 Laptop,1078.69,4.1,195,4.2,19,6 hours,1024GB HDD,SSD,macOS,6,Intel,1.9 GHz,M2,16 GB,DDR4,Apple GPU,15.6 inch,2560 x 1600,Retina,1.9 kg,Black,3,2,1,Yes,Wi-Fi 5,Yes,No,"Dell DellBook 432, 15.6 inch, 2560 x 1600, i7-1255U",Excellent display clarity || Overheats on heavy use,Handles AAA titles smoothly || Great refresh rate display || Low input lag || Good thermal control || Loud and clear audio,Weak Wi-Fi in airports || Screen glare in sunlight || Charger bulky for travel || Scratches easily || Gets hot on lap,,,,,,Durable for on-the-go use  
Amazon,['https://images.unsplash.com/photo-1517336714731-489689fd1ca8'],https://www.amazon.de/HP-HPBook 180,https://www.amazon.de/HP-HPBook 180#reviews,HP3373,HP,HPBook 180,HP-5738,HP HPBook 180 Laptop,1223.8,5,109,3.6,48,9 hours,1024GB Hybrid,HDD,macOS,6,Intel,3.1 GHz,i3-1115G4,32 GB,DDR4,AMD Radeon Vega 8,15.6 inch,1366 x 768,HD,1.8 kg,Silver,4,0,2,No,Wi-Fi 5,Yes,Yes,"HP HPBook 180, 15.6 inch, 1366 x 768, i7-1255U",Smooth for gaming || Low frame rate occasionally,Handles AAA titles smoothly || Great refresh rate display || Low input lag || Good thermal control || Loud and clear audio,Weak Wi-Fi in airports || Screen glare in sunlight || Charger bulky for travel || Scratches easily || Gets hot on lap,,,,,,Charges quickly while traveling  
Amazon,['https://images.unsplash.com/photo-1517336714731-489689fd1ca8'],https://www.amazon.de/Apple-AppleBook 483,https://www.amazon.de/Apple-AppleBook 483#reviews,APP4209,Apple,AppleBook 483,APP-4495,Apple AppleBook 483 Laptop,884.49,3.7,180,4.5,38,10 hours,256GB Hybrid,SSD,Windows 11,6,AMD,1.9 GHz,Ryzen 5 5600U,32 GB,DDR4,AMD Radeon Vega 8,15.6 inch,2560 x 1600,Retina,1.8 kg,Silver,4,2,3,No,Wi-Fi 5,No,No,"Apple AppleBook 483, 15.6 inch, 2560 x 1600, i7-1255U",Smooth for gaming || Low frame rate occasionally,Handles AAA titles smoothly || Great refresh rate display || Low input lag || Good thermal control || Loud and clear audio,Weak Wi-Fi in airports || Screen glare in sunlight || Charger bulky for travel || Scratches easily || Gets hot on lap,,,,,,Compact design for tight spaces  
Amazon,['https://images.unsplash.com/photo-1517336714731-489689fd1ca8'],https://www.amazon.de/Lenovo-LenovoBook 976,https://www.amazon.de/Lenovo-LenovoBook 976#reviews,LEN1164,Lenovo,LenovoBook 976,LEN-2132,Lenovo LenovoBook 976 Laptop,666.99,4,462,4.3,14,8 hours,256GB Hybrid,SSD,Windows 11,4,Apple,2.6 GHz,Ryzen 5 5600U,8 GB,DDR4,AMD Radeon Vega 8,13.3 inch,1920 x 1080,Full HD,1.4 kg,Black,3,1,2,Yes,Wi-Fi 6,No,Yes,"Lenovo LenovoBook 976, 13.3 inch, 1920 x 1080, i5-1135G7",Perfect for students || Touchpad not responsive,Handles AAA titles smoothly || Great refresh rate display || Low input lag || Good thermal control || Loud and clear audio,Weak Wi-Fi in airports || Screen glare in sunlight || Charger bulky for travel || Scratches easily || Gets hot on lap,,,,,,No noise during train rides  
Amazon,['https://images.unsplash.com/photo-1517336714731-489689fd1ca8'],https://www.amazon.de/Acer-AcerBook 935,https://www.amazon.de/Acer-AcerBook 935#reviews,ACE7320,Acer,AcerBook 935,ACE-3867,Acer AcerBook 935 Laptop,827.27,4.7,227,3.7,11,12 hours,256GB Hybrid,HDD,Linux,8,Intel,3.3 GHz,i7-1255U,16 GB,DDR4,NVIDIA MX450,17 inch,1366 x 768,HD,2.5 kg,Grey,4,2,3,No,Wi-Fi 6,No,No,"Acer AcerBook 935, 17 inch, 1366 x 768, Ryzen 5 5600U",Smooth for gaming || Low frame rate occasionally,Handles AAA titles smoothly || Great refresh rate display || Low input lag || Good thermal control || Loud and clear audio,Weak Wi-Fi in airports || Screen glare in sunlight || Charger bulky for travel || Scratches easily || Gets hot on lap,,,,,,Perfect travel companion for work  
Amazon,['https://images.unsplash.com/photo-1517336714731-489689fd1ca8'],https://www.amazon.de/Asus-AsusBook 363,https://www.amazon.de/Asus-AsusBook 363#reviews,ASU6128,Asus,AsusBook 363,ASU-4968,Asus AsusBook 363 Laptop,417.3,3.5,110,3.9,12,10 hours,1024GB HDD,SSD,macOS,6,AMD,3.3 GHz,i3-1115G4,8 GB,DDR4,Intel Iris Xe,13.3 inch,2560 x 1600,Retina,1.7 kg,Silver,2,2,3,No,Wi-Fi 5,Yes,Yes,"Asus AsusBook 363, 13.3 inch, 2560 x 1600, Ryzen 5 5600U",Perfect for students || Touchpad not responsive,Handles AAA titles smoothly || Great refresh rate display || Low input lag || Good thermal control || Loud and clear audio,Weak Wi-Fi in airports || Screen glare in sunlight || Charger bulky for travel || Scratches easily || Gets hot on lap,,,,,,USB-C charging is convenient  
Amazon,['https://images.unsplash.com/photo-1517336714731-489689fd1ca8'],https://www.amazon.de/HP-HPBook 775,https://www.amazon.de/HP-HPBook 775#reviews,HP2819,HP,HPBook 775,HP-5347,HP HPBook 775 Laptop,480.7,4.5,440,4.7,38,8 hours,512GB HDD,Hybrid,macOS,6,Apple,2.5 GHz,i5-1135G7,8 GB,DDR4,Apple GPU,17 inch,1920 x 1080,Full HD,1.8 kg,Grey,3,1,1,Yes,Wi-Fi 5,No,No,"HP HPBook 775, 17 inch, 1920 x 1080, M2",Excellent display clarity || Overheats on heavy use,Handles AAA titles smoothly || Great refresh rate display || Low input lag || Good thermal control || Loud and clear audio,Weak Wi-Fi in airports || Screen glare in sunlight || Charger bulky for travel || Scratches easily || Gets hot on lap,,,,,,Sturdy hinge for frequent opening
Amazon,['https://images.unsplash.com/photo-1517336714731-489689fd1ca8'],https://www.amazon.de/Apple-AppleBook 787,https://www.amazon.de/Apple-AppleBook 787#reviews,APP5749,Apple,AppleBook 787,APP-3957,Apple AppleBook 787 Laptop,1374.71,4.2,380,3.6,43,9 hours,512GB SSD,SSD,macOS,6,Intel,2.8 GHz,i5-1135G7,16 GB,DDR4,Intel Iris Xe,17 inch,1920 x 1080,Full HD,1.8 kg,Silver,4,1,2,Yes,Wi-Fi 6,Yes,No,"Apple AppleBook 787, 17 inch, 1920 x 1080, M2",Excellent display clarity || Overheats on heavy use,Handles AAA titles smoothly || Great refresh rate display || Low input lag || Good thermal control || Loud and clear audio,Weak Wi-Fi in airports || Screen glare in sunlight || Charger bulky for travel || Scratches easily || Gets hot on lap,,,,,,
Amazon,['https://images.unsplash.com/photo-1517336714731-489689fd1ca8'],https://www.amazon.de/Dell-DellBook 904,https://www.amazon.de/Dell-DellBook 904#reviews,DEL9486,Dell,DellBook 904,DEL-3942,Dell DellBook 904 Laptop,1387.8,3.7,137,4.2,1,8 hours,512GB Hybrid,Hybrid,Windows 11,8,Apple,2.2 GHz,M2,16 GB,DDR4,NVIDIA MX450,17 inch,2560 x 1600,Retina,2.0 kg,Grey,3,2,3,No,Wi-Fi 6,Yes,Yes,"Dell DellBook 904, 17 inch, 2560 x 1600, M2",Smooth for gaming || Low frame rate occasionally,Handles AAA titles smoothly || Great refresh rate display || Low input lag || Good thermal control || Loud and clear audio,Weak Wi-Fi in airports || Screen glare in sunlight || Charger bulky for travel || Scratches easily || Gets hot on lap,,,,,,
